type,title,url
Topic,Display Monitors,https://www.precisionplanting.com/resources?topic=display-monitors
Topic,Downforce Control,https://www.precisionplanting.com/resources?topic=downforce-control
Topic,Fertilizer Application,https://www.precisionplanting.com/resources?topic=fertilizer-application
Topic,Closing Systems,https://www.precisionplanting.com/resources?topic=closing-systems
Topic,Data Management,https://www.precisionplanting.com/resources?topic=data-management
Topic,Seed Meters & Drive Systems,https://www.precisionplanting.com/resources?topic=seed-meters-and-drive-systems
Topic,Row Cleaners,https://www.precisionplanting.com/resources?topic=row-cleaners
Topic,Seed Firmers,https://www.precisionplanting.com/resources?topic=seed-firmers
Guide,Planter Maintenance Guide,https://www.precisionplanting.com/resources/guides/your-planter-maintenance-guide
Guide,Seeder Maintenance Guide,https://www.precisionplanting.com/resources/guides/your-seeder-maintenance-guide
Guide,Crop Stand Evaluation Guide,https://www.precisionplanting.com/resources/guides/crop-stand-evaluation-guide
Guide,White VE Series Planter Upgrade Guide,https://www.precisionplanting.com/resources/guides/white-ve-series-planter-upgrade-guide
Guide,John Deere ExactEmerge Planter Upgrade Guide,https://www.precisionplanting.com/resources/guides/john-deere-exactemerge-planter-upgrade-guide
Video,InsidePTI ‣ Season 1,https://www.precisionplanting.com/resources/videos/insidepti-season-1
Video,InsidePTI ‣ Season 3,https://www.precisionplanting.com/resources/videos/insidepti-season-3
Video,InsidePTI ‣ Season 4,https://www.precisionplanting.com/resources/videos/insidepti-season-4
Video,Winter Conference 2025 ‣ Priorities of the Planter Pass,https://www.precisionplanting.com/resources/videos/winter-conference-2025-priorities-of-the-planter-pass
Video,Winter Conference 2025 ‣ Next Level Spraying,https://www.precisionplanting.com/resources/videos/winter-conference-2025-next-level-spraying
Video,Winter Conference 2023 ‣ Why Adjust Nutrition,https://www.precisionplanting.com/resources/videos/winter-conference-2023-why-adjust-nutrition
Article,From Cleaning to Closing: The Three C’s of Emergence,https://www.precisionplanting.com/resources/articles/from-cleaning-to-closing-the-three-cs-of-emergence
Article,High Speed Hank | Planter Upgrade Story,https://www.precisionplanting.com/resources/articles/hank
Article,Buy New Bill | Planter Upgrade Story,https://www.precisionplanting.com/resources/articles/bill
Article,Downforce Dan | Planter Upgrade Story,https://www.precisionplanting.com/resources/articles/dan
Research,Multi-Year High Management Corn Study,https://www.precisionplanting.com/resources/research/high-management-corn-study
Research,Planter “All Wrong” Study – Corn,https://www.precisionplanting.com/resources/research/planter-all-wrong-corn-study
Research,High Speed Planting Corn Study,https://www.precisionplanting.com/resources/research/high-speed-planting-corn-study
Research,Emergence Matters (Multi‑year Study),https://www.precisionplanting.com/resources/emergencematters
Farmer Story,We Saved Our Farm $200K by Making an Old Planter New Again,https://www.precisionplanting.com/resources/farmer-story/we-saved-our-farm-200k-by-making-an-old-planter-new-again-with-precision-planting
Farmer Story,"In one big day, I was able to get 400 acres planted",https://www.precisionplanting.com/resources/farmer-story/in-one-big-day-i-was-able-to-get-400-acres-planted
News,Precision Planting Launches New Planting System (CornerStone),https://www.precisionplanting.com/resources/news/precision-planting-launches-new-planting-system
News,Intelligent Ag and Headsight to Merge Into Precision Planting,https://www.precisionplanting.com/resources/news/precision-planting-brands-merge
News,The Launch of PTx,https://www.precisionplanting.com/resources/news/the-launch-of-ptx
News,Precision Planting Launches Clarity™,https://www.precisionplanting.com/resources/news/precision-planting-launches-claritytm-an-advanced-blockage-and-flow-monitoring-system
News,2024 Discounted Grower Financing,https://www.precisionplanting.com/resources/news/2024-discounted-grower-financing
