product,category,subcategory,tagline,description,key_features,equipped_for,works_with,url
20|20 (Gen3),Planters / Air Seeders / Sprayers / Combines,Display Monitor,Visualize data in the cab,Cab monitor that maps agronomic and equipment data in real time and can control paired systems.,High‑definition row‑by‑row maps; Diagnose performance in real time; Control compatible systems; Panorama data sync,"Planters, Air Seeders & Drills, Sprayers, Combines","Panorama, DeltaForce, SeederForce, vDrive, mSet, vSet, YieldSense, Clarity",https://www.precisionplanting.com/products/planters/2020
DeltaForce,Planters,Downforce Control,Automated downforce control,Hydraulic cylinders with load cells maintain target gauge‑wheel weight row‑by‑row to ensure consistent depth and emergence.,Automatically adjusts downforce 200x/sec; Row‑by‑row control; Integrates with 20|20; Research‑backed yield protection,"Corn, Soybeans, Cotton, Peanuts, Sugarbeets, Sunflowers",20|20,https://www.precisionplanting.com/products/planters/deltaforce
SpeedTube,Planters,Seed Tubes / High‑speed Planting,High‑speed seed delivery system,Powered seed belt that delivers seeds to the trench so spacing is maintained at higher ground speeds.,Doubles planting speed potential; Consistent spacing at speed; Works with vDrive and mSet,Planters,"vDrive, mSet, 20|20",https://www.precisionplanting.com/products/planters/speedtube
vSet,Planters,Seed Meters,Effortless meter accuracy,Vacuum seed meter that singulates seeds accurately without constant adjustments for size or shape.,High singulation; No ongoing adjustments; Enables electric drive and high‑speed planting,Planters,"vDrive, 20|20, mSet",https://www.precisionplanting.com/products/planters/vset
vSet Select,Planters,Multi‑Hybrid Meters,Dual meters for on‑the‑go hybrid switching,Row‑by‑row multi‑hybrid system with two meters per row and common tube for instant hybrid changes.,Runs hybrid prescriptions; Instant switching; Uniform spacing down common tube,Planters,"vDrive, 20|20",https://www.precisionplanting.com/products/planters/vsetselect
mSet,Planters,Multi‑Hybrid Meters,Single‑meter multi‑hybrid,Divided hopper with one vSet meter for two hybrids; compatible with SpeedTube for high‑speed multi‑hybrid planting.,Two hybrids from one meter; Prescription or manual switching; Works at high speed with SpeedTube,Planters,"vSet, SpeedTube, 20|20",https://www.precisionplanting.com/products/planters/mset?wvideo=9vqwt9f9ec
PrecisionMeter,Planters,Finger Meters,A better finger meter,Retrofit finger pickup meter with adjustable brush to singulate a wide range of seed sizes and shapes.,Adjustable brush; Improved singulation; Retrofit for Deere finger meters,Planters,20|20 (monitoring),https://www.precisionplanting.com/products/planters/precisionmeter
BullsEye,Planters,Seed Tubes,"Longer seed tube life, better spacing",Seed tube with tungsten carbide tip and recessed sensor eye to reduce ricochet and maintain spacing.,Tungsten carbide wear tip; Recessed sensor eye; Improved spacing consistency,Planters,WaveVision (sensor),https://www.precisionplanting.com/products/planters/bullseye
WaveVision,Planters,Seed Sensors,"See seeds, not dust",Mass‑based seed sensor that ignores dust and avoids ricochet issues from optical eyes.,Counts seed mass not dust; Tungsten carbide wear tip; Easy OEM replacement,"Corn, Soybeans, Cotton, Sugarbeets",20|20; BullsEye tube,https://www.precisionplanting.com/products/planters/wavevision
FlowSense,Planters / Sidedress Bars,Liquid Rate Sensor,Measure row‑by‑row fertilizer rates,Row‑unit liquid flow sensor that shows actual application rate per row so you can correct variability.,Actual rate per row; Detects row‑to‑row variability; Integrates with 20|20,"Planters, Sidedress Bars",20|20,https://www.precisionplanting.com/products/planters/flowsense
FurrowJet,Planters,In‑Furrow Fertilizer,In‑furrow starter placement,Firms the seed while placing bands of fertilizer on and near the seed for early root access to nutrients.,Multi‑band placement; Firms the seed; Early nutrient access,Planters,"Liquid systems, 20|20 (monitoring)",https://www.precisionplanting.com/products/planters/furrowjet
Conceal,Planters,Banded Fertilizer,Banded nitrogen placement,Low‑profile planter fertility attachment that places nutrition ~3 inches from the seed within the gauge wheel.,"Cleanly tucked in row unit; 3"" off‑row placement; Efficient planter‑pass application",Planters,20|20 (monitoring),https://www.precisionplanting.com/products/planters/conceal
Ready Row Unit,Planters,Row Unit,Upgrade what you already own,Factory row unit retrofit to modernize an existing planter frame and prepare it for new technology.,"Depth calibration system; Cast iron unit; 16"" openers; 14"" parallel arms; Multiple gauge/closing options",Planters,Compatible with Precision Planting tech and attachments,https://www.precisionplanting.com/products/planters/readyrowunit
CornerStone Planting System,Planters,Complete Planter,"Fully custom, factory‑built system",Factory‑built planting system integrating Precision Planting hardware for easy adjustments and durability.,Integrated hardware; Ease of in‑field use; Durable and serviceable,Planters,20|20 and compatible components,https://www.precisionplanting.com/products/cornerstone-planting-system
Clarity,Dry Fertilizer Applicators / Strip‑Till / Air Seeders & Drills,Blockage & Flow Monitoring,Advanced flow and blockage metrics,"Real‑time, row‑by‑row flow and blockage visibility on the 20|20 monitor for granular products.","Row‑by‑row blockage metrics; HD mapping; Works on strip‑till, air seeders, drills, dry fertilizer applicators","Strip‑till bars, Dry fertilizer applicators, Air seeders & drills",20|20,https://www.precisionplanting.com/products/dry-fertilizer-applicators/clarity
YieldSense,Combines,Yield Monitoring,High‑definition harvest data,Yield monitoring system for combines that feeds detailed maps to 20|20 and connected platforms.,Accurate flow measurement; Detailed harvest maps; Integrates with 20|20 and Panorama,Combines,"20|20, Panorama",https://www.precisionplanting.com/products/combines/yieldsense
Panorama,Data Management,Cloud App,Manage 20|20 maps and data,"App and website for viewing, sharing, and analyzing 20|20 data; automates sending data to trusted platforms.",Row‑by‑row maps; Field averages; Yield comparisons; Automated data sharing,Farms using 20|20,20|20,https://www.precisionplanting.com/products/panorama
